Domain Code,Domain,Area Code (M49),Area,Element Code,Element,Item Code (CPC),Item,Year Code,Year,Unit,Value,Flag,Flag Description,Note
"QCL","Crops and livestock products","724","Spain","5312","Area harvested","01330","Grapes","1980","1980","ha","1657400","A","Official figure",""
"QCL","Crops and livestock products","724","Spain","5412","Yield","01330","Grapes","1980","1980","kg/ha","4055.4","A","Official figure",""
"QCL","Crops and livestock products","724","Spain","5510","Production","01330","Grapes","1980","1980","t","6721400","A","Official figure",""
"QCL","Crops and livestock products","724","Spain","5312","Area harvested","01330","Grapes","1981","1981","ha","1657000","A","Official figure",""
"QCL","Crops and livestock products","724","Spain","5412","Yield","01330","Grapes","1981","1981","kg/ha","3260.4","A","Official figure",""
"QCL","Crops and livestock products","724","Spain","5510","Production","01330","Grapes","1981","1981","t","5402503","A","Official figure",""
"QCL","Crops and livestock products","724","Spain","5312","Area harvested","01330","Grapes","1982","1982","ha","1658000","A","Official figure",""
"QCL","Crops and livestock products","724","Spain","5412","Yield","01330","Grapes","1982","1982","kg/ha","3635.7","A","Official figure",""
"QCL","Crops and livestock products","724","Spain","5510","Production","01330","Grapes","1982","1982","t","6028000","A","Official figure",""
"QCL","Crops and livestock products","724","Spain","5312","Area harvested","01330","Grapes","1983","1983","ha","1645330","A","Official figure",""
"QCL","Crops and livestock products","724","Spain","5412","Yield","01330","Grapes","1983","1983","kg/ha","3111.3","A","Official figure",""
"QCL","Crops and livestock products","724","Spain","5510","Production","01330","Grapes","1983","1983","t","5119100","A","Official figure",""
"QCL","Crops and livestock products","724","Spain","5312","Area harvested","01330","Grapes","1984","1984","ha","1587250","A","Official figure",""
"QCL","Crops and livestock products","724","Spain","5412","Yield","01330","Grapes","1984","1984","kg/ha","3548.4","A","Official figure",""
"QCL","Crops and livestock products","724","Spain","5510","Production","01330","Grapes","1984","1984","t","5632200","A","Official figure",""
"QCL","Crops and livestock products","724","Spain","5312","Area harvested","01330","Grapes","1985","1985","ha","1552387","A","Official figure",""
"QCL","Crops and livestock products","724","Spain","5412","Yield","01330","Grapes","1985","1985","kg/ha","3510.9","A","Official figure",""
"QCL","Crops and livestock products","724","Spain","5510","Production","01330","Grapes","1985","1985","t","5450240","A","Official figure",""
"QCL","Crops and livestock products","724","Spain","5312","Area harvested","01330","Grapes","1986","1986","ha","1531200","A","Official figure",""
"QCL","Crops and livestock products","724","Spain","5412","Yield","01330","Grapes","1986","1986","kg/ha","3828.7","A","Official figure",""
"QCL","Crops and livestock products","724","Spain","5510","Production","01330","Grapes","1986","1986","t","5862500","A","Official figure",""
"QCL","Crops and livestock products","724","Spain","5312","Area harvested","01330","Grapes","1987","1987","ha","1514000","A","Official figure",""
"QCL","Crops and livestock products","724","Spain","5412","Yield","01330","Grapes","1987","1987","kg/ha","4204","A","Official figure",""
"QCL","Crops and livestock products","724","Spain","5510","Production","01330","Grapes","1987","1987","t","6364800","A","Official figure",""
"QCL","Crops and livestock products","724","Spain","5312","Area harvested","01330","Grapes","1988","1988","ha","1439900","A","Official figure",""
"QCL","Crops and livestock products","724","Spain","5412","Yield","01330","Grapes","1988","1988","kg/ha","2611.6","A","Official figure",""
"QCL","Crops and livestock products","724","Spain","5510","Production","01330","Grapes","1988","1988","t","3760400","A","Official figure",""
"QCL","Crops and livestock products","724","Spain","5312","Area harvested","01330","Grapes","1989","1989","ha","1434900","A","Official figure",""
"QCL","Crops and livestock products","724","Spain","5412","Yield","01330","Grapes","1989","1989","kg/ha","3508","A","Official figure",""
"QCL","Crops and livestock products","724","Spain","5510","Production","01330","Grapes","1989","1989","t","5033600","A","Official figure",""
"QCL","Crops and livestock products","724","Spain","5312","Area harvested","01330","Grapes","1990","1990","ha","1402274","A","Official figure",""
"QCL","Crops and livestock products","724","Spain","5412","Yield","01330","Grapes","1990","1990","kg/ha","4616.6","A","Official figure",""
"QCL","Crops and livestock products","724","Spain","5510","Production","01330","Grapes","1990","1990","t","6473800","A","Official figure",""
"QCL","Crops and livestock products","724","Spain","5312","Area harvested","01330","Grapes","1991","1991","ha","1378892","A","Official figure",""
"QCL","Crops and livestock products","724","Spain","5412","Yield","01330","Grapes","1991","1991","kg/ha","3769","A","Official figure",""
"QCL","Crops and livestock products","724","Spain","5510","Production","01330","Grapes","1991","1991","t","5197000","A","Official figure",""
"QCL","Crops and livestock products","724","Spain","5312","Area harvested","01330","Grapes","1992","1992","ha","1309169","A","Official figure",""
"QCL","Crops and livestock products","724","Spain","5412","Yield","01330","Grapes","1992","1992","kg/ha","4397.7","A","Official figure",""
"QCL","Crops and livestock products","724","Spain","5510","Production","01330","Grapes","1992","1992","t","5757300","A","Official figure",""
"QCL","Crops and livestock products","724","Spain","5312","Area harvested","01330","Grapes","1993","1993","ha","1235000","A","Official figure",""
"QCL","Crops and livestock products","724","Spain","5412","Yield","01330","Grapes","1993","1993","kg/ha","3698.5","A","Official figure",""
"QCL","Crops and livestock products","724","Spain","5510","Production","01330","Grapes","1993","1993","t","4567600","A","Official figure",""
"QCL","Crops and livestock products","724","Spain","5312","Area harvested","01330","Grapes","1994","1994","ha","1192600","A","Official figure",""
"QCL","Crops and livestock products","724","Spain","5412","Yield","01330","Grapes","1994","1994","kg/ha","2728.8","A","Official figure",""
"QCL","Crops and livestock products","724","Spain","5510","Production","01330","Grapes","1994","1994","t","3254360","A","Official figure",""
"QCL","Crops and livestock products","724","Spain","5312","Area harvested","01330","Grapes","1995","1995","ha","1160100","A","Official figure",""
"QCL","Crops and livestock products","724","Spain","5412","Yield","01330","Grapes","1995","1995","kg/ha","2887.8","A","Official figure",""
"QCL","Crops and livestock products","724","Spain","5510","Production","01330","Grapes","1995","1995","t","3350100","A","Official figure",""
"QCL","Crops and livestock products","724","Spain","5312","Area harvested","01330","Grapes","1996","1996","ha","1122400","A","Official figure",""
"QCL","Crops and livestock products","724","Spain","5412","Yield","01330","Grapes","1996","1996","kg/ha","4431.2","A","Official figure",""
"QCL","Crops and livestock products","724","Spain","5510","Production","01330","Grapes","1996","1996","t","4973600","A","Official figure",""
"QCL","Crops and livestock products","724","Spain","5312","Area harvested","01330","Grapes","1997","1997","ha","1126989","A","Official figure",""
"QCL","Crops and livestock products","724","Spain","5412","Yield","01330","Grapes","1997","1997","kg/ha","4901","A","Official figure",""
"QCL","Crops and livestock products","724","Spain","5510","Production","01330","Grapes","1997","1997","t","5523400","A","Official figure",""
"QCL","Crops and livestock products","724","Spain","5312","Area harvested","01330","Grapes","1998","1998","ha","1117900","A","Official figure",""
"QCL","Crops and livestock products","724","Spain","5412","Yield","01330","Grapes","1998","1998","kg/ha","4604","A","Official figure",""
"QCL","Crops and livestock products","724","Spain","5510","Production","01330","Grapes","1998","1998","t","5146810","A","Official figure",""
"QCL","Crops and livestock products","724","Spain","5312","Area harvested","01330","Grapes","1999","1999","ha","1115282","A","Official figure",""
"QCL","Crops and livestock products","724","Spain","5412","Yield","01330","Grapes","1999","1999","kg/ha","5028","A","Official figure",""
"QCL","Crops and livestock products","724","Spain","5510","Production","01330","Grapes","1999","1999","t","5607660","A","Official figure",""
"QCL","Crops and livestock products","724","Spain","5312","Area harvested","01330","Grapes","2000","2000","ha","1167703","A","Official figure",""
"QCL","Crops and livestock products","724","Spain","5412","Yield","01330","Grapes","2000","2000","kg/ha","5600.6","A","Official figure",""
"QCL","Crops and livestock products","724","Spain","5510","Production","01330","Grapes","2000","2000","t","6539812","A","Official figure",""
"QCL","Crops and livestock products","724","Spain","5312","Area harvested","01330","Grapes","2001","2001","ha","1134892","A","Official figure",""
"QCL","Crops and livestock products","724","Spain","5412","Yield","01330","Grapes","2001","2001","kg/ha","4645.1","A","Official figure",""
"QCL","Crops and livestock products","724","Spain","5510","Production","01330","Grapes","2001","2001","t","5271740","A","Official figure",""
"QCL","Crops and livestock products","724","Spain","5312","Area harvested","01330","Grapes","2002","2002","ha","1186107","A","Official figure",""
"QCL","Crops and livestock products","724","Spain","5412","Yield","01330","Grapes","2002","2002","kg/ha","5003.4","A","Official figure",""
"QCL","Crops and livestock products","724","Spain","5510","Production","01330","Grapes","2002","2002","t","5934557","A","Official figure",""
"QCL","Crops and livestock products","724","Spain","5312","Area harvested","01330","Grapes","2003","2003","ha","1172797","A","Official figure",""
"QCL","Crops and livestock products","724","Spain","5412","Yield","01330","Grapes","2003","2003","kg/ha","6173.7","A","Official figure",""
"QCL","Crops and livestock products","724","Spain","5510","Production","01330","Grapes","2003","2003","t","7240500","A","Official figure",""
"QCL","Crops and livestock products","724","Spain","5312","Area harvested","01330","Grapes","2004","2004","ha","1170625","A","Official figure",""
"QCL","Crops and livestock products","724","Spain","5412","Yield","01330","Grapes","2004","2004","kg/ha","6034.6","A","Official figure",""
"QCL","Crops and livestock products","724","Spain","5510","Production","01330","Grapes","2004","2004","t","7064201","A","Official figure",""
"QCL","Crops and livestock products","724","Spain","5312","Area harvested","01330","Grapes","2005","2005","ha","1161411","A","Official figure",""
"QCL","Crops and livestock products","724","Spain","5412","Yield","01330","Grapes","2005","2005","kg/ha","5219.9","A","Official figure",""
"QCL","Crops and livestock products","724","Spain","5510","Production","01330","Grapes","2005","2005","t","6062500","A","Official figure",""
"QCL","Crops and livestock products","724","Spain","5312","Area harvested","01330","Grapes","2006","2006","ha","1135229","A","Official figure",""
"QCL","Crops and livestock products","724","Spain","5412","Yield","01330","Grapes","2006","2006","kg/ha","5809.4","A","Official figure",""
"QCL","Crops and livestock products","724","Spain","5510","Production","01330","Grapes","2006","2006","t","6595056","A","Official figure",""
"QCL","Crops and livestock products","724","Spain","5312","Area harvested","01330","Grapes","2007","2007","ha","1131315","A","Official figure",""
"QCL","Crops and livestock products","724","Spain","5412","Yield","01330","Grapes","2007","2007","kg/ha","5270.5","A","Official figure",""
"QCL","Crops and livestock products","724","Spain","5510","Production","01330","Grapes","2007","2007","t","5962643","A","Official figure",""
"QCL","Crops and livestock products","724","Spain","5312","Area harvested","01330","Grapes","2008","2008","ha","1109049","A","Official figure",""
"QCL","Crops and livestock products","724","Spain","5412","Yield","01330","Grapes","2008","2008","kg/ha","5366.4","A","Official figure",""
"QCL","Crops and livestock products","724","Spain","5510","Production","01330","Grapes","2008","2008","t","5951581","A","Official figure",""
"QCL","Crops and livestock products","724","Spain","5312","Area harvested","01330","Grapes","2009","2009","ha","1049358","A","Official figure",""
"QCL","Crops and livestock products","724","Spain","5412","Yield","01330","Grapes","2009","2009","kg/ha","5275","A","Official figure",""
"QCL","Crops and livestock products","724","Spain","5510","Production","01330","Grapes","2009","2009","t","5535333","A","Official figure",""
"QCL","Crops and livestock products","724","Spain","5312","Area harvested","01330","Grapes","2010","2010","ha","1002100","A","Official figure",""
"QCL","Crops and livestock products","724","Spain","5412","Yield","01330","Grapes","2010","2010","kg/ha","6094.8","A","Official figure",""
"QCL","Crops and livestock products","724","Spain","5510","Production","01330","Grapes","2010","2010","t","6107617","A","Official figure",""
"QCL","Crops and livestock products","724","Spain","5312","Area harvested","01330","Grapes","2011","2011","ha","963095","A","Official figure",""
"QCL","Crops and livestock products","724","Spain","5412","Yield","01330","Grapes","2011","2011","kg/ha","6031.9","A","Official figure",""
"QCL","Crops and livestock products","724","Spain","5510","Production","01330","Grapes","2011","2011","t","5809315","A","Official figure",""
"QCL","Crops and livestock products","724","Spain","5312","Area harvested","01330","Grapes","2012","2012","ha","947096","A","Official figure",""
"QCL","Crops and livestock products","724","Spain","5412","Yield","01330","Grapes","2012","2012","kg/ha","5630","A","Official figure",""
"QCL","Crops and livestock products","724","Spain","5510","Production","01330","Grapes","2012","2012","t","5332163","A","Official figure",""
"QCL","Crops and livestock products","724","Spain","5312","Area harvested","01330","Grapes","2013","2013","ha","944200","A","Official figure",""
"QCL","Crops and livestock products","724","Spain","5412","Yield","01330","Grapes","2013","2013","kg/ha","7922.1","A","Official figure",""
"QCL","Crops and livestock products","724","Spain","5510","Production","01330","Grapes","2013","2013","t","7480000","A","Official figure",""
"QCL","Crops and livestock products","724","Spain","5312","Area harvested","01330","Grapes","2014","2014","ha","931065","A","Official figure",""
"QCL","Crops and livestock products","724","Spain","5412","Yield","01330","Grapes","2014","2014","kg/ha","6683.3","A","Official figure",""
"QCL","Crops and livestock products","724","Spain","5510","Production","01330","Grapes","2014","2014","t","6222584","A","Official figure",""
"QCL","Crops and livestock products","724","Spain","5312","Area harvested","01330","Grapes","2015","2015","ha","941056","A","Official figure",""
"QCL","Crops and livestock products","724","Spain","5412","Yield","01330","Grapes","2015","2015","kg/ha","6162.4","A","Official figure",""
"QCL","Crops and livestock products","724","Spain","5510","Production","01330","Grapes","2015","2015","t","5799131","A","Official figure",""
"QCL","Crops and livestock products","724","Spain","5312","Area harvested","01330","Grapes","2016","2016","ha","935105","A","Official figure",""
"QCL","Crops and livestock products","724","Spain","5412","Yield","01330","Grapes","2016","2016","kg/ha","6526.4","A","Official figure",""
"QCL","Crops and livestock products","724","Spain","5510","Production","01330","Grapes","2016","2016","t","6102851","A","Official figure",""
"QCL","Crops and livestock products","724","Spain","5312","Area harvested","01330","Grapes","2017","2017","ha","937763","A","Official figure",""
"QCL","Crops and livestock products","724","Spain","5412","Yield","01330","Grapes","2017","2017","kg/ha","5745","A","Official figure",""
"QCL","Crops and livestock products","724","Spain","5510","Production","01330","Grapes","2017","2017","t","5387403","A","Official figure",""
"QCL","Crops and livestock products","724","Spain","5312","Area harvested","01330","Grapes","2018","2018","ha","939920","A","Official figure",""
"QCL","Crops and livestock products","724","Spain","5412","Yield","01330","Grapes","2018","2018","kg/ha","7429.6","A","Official figure",""
"QCL","Crops and livestock products","724","Spain","5510","Production","01330","Grapes","2018","2018","t","6983260","A","Official figure",""
"QCL","Crops and livestock products","724","Spain","5312","Area harvested","01330","Grapes","2019","2019","ha","936890","A","Official figure",""
"QCL","Crops and livestock products","724","Spain","5412","Yield","01330","Grapes","2019","2019","kg/ha","6132.5","A","Official figure",""
"QCL","Crops and livestock products","724","Spain","5510","Production","01330","Grapes","2019","2019","t","5745450","A","Official figure",""
"QCL","Crops and livestock products","724","Spain","5312","Area harvested","01330","Grapes","2020","2020","ha","931630","A","Official figure",""
"QCL","Crops and livestock products","724","Spain","5412","Yield","01330","Grapes","2020","2020","kg/ha","7318.1","A","Official figure",""
"QCL","Crops and livestock products","724","Spain","5510","Production","01330","Grapes","2020","2020","t","6817770","A","Official figure",""
"QCL","Crops and livestock products","724","Spain","5312","Area harvested","01330","Grapes","2021","2021","ha","929390","A","Official figure",""
"QCL","Crops and livestock products","724","Spain","5412","Yield","01330","Grapes","2021","2021","kg/ha","6549.4","A","Official figure",""
"QCL","Crops and livestock products","724","Spain","5510","Production","01330","Grapes","2021","2021","t","6086920","A","Official figure",""
"QCL","Crops and livestock products","724","Spain","5312","Area harvested","01330","Grapes","2022","2022","ha","922920","A","Official figure",""
"QCL","Crops and livestock products","724","Spain","5412","Yield","01330","Grapes","2022","2022","kg/ha","6395","A","Official figure",""
"QCL","Crops and livestock products","724","Spain","5510","Production","01330","Grapes","2022","2022","t","5902040","A","Official figure",""
"QCL","Crops and livestock products","724","Spain","5312","Area harvested","01330","Grapes","2023","2023","ha","913000","A","Official figure",""
"QCL","Crops and livestock products","724","Spain","5412","Yield","01330","Grapes","2023","2023","kg/ha","5282.3","A","Official figure",""
"QCL","Crops and livestock products","724","Spain","5510","Production","01330","Grapes","2023","2023","t","4822760","A","Official figure",""
"QCL","Crops and livestock products","724","Spain","5312","Area harvested","01330","Grapes","2024","2024","ha","903980","A","Official figure",""
"QCL","Crops and livestock products","724","Spain","5412","Yield","01330","Grapes","2024","2024","kg/ha","5959.5","A","Official figure",""
"QCL","Crops and livestock products","724","Spain","5510","Production","01330","Grapes","2024","2024","t","5387270","A","Official figure",""
"QCL","Crops and livestock products","724","Spain","5312","Area harvested","0112","Maize (corn)","1980","1980","ha","454500","A","Official figure",""
"QCL","Crops and livestock products","724","Spain","5412","Yield","0112","Maize (corn)","1980","1980","kg/ha","5090.4","A","Official figure",""
"QCL","Crops and livestock products","724","Spain","5510","Production","0112","Maize (corn)","1980","1980","t","2313600","A","Official figure",""
"QCL","Crops and livestock products","724","Spain","5312","Area harvested","0112","Maize (corn)","1981","1981","ha","428700","A","Official figure",""
"QCL","Crops and livestock products","724","Spain","5412","Yield","0112","Maize (corn)","1981","1981","kg/ha","5031","A","Official figure",""
"QCL","Crops and livestock products","724","Spain","5510","Production","0112","Maize (corn)","1981","1981","t","2156800","A","Official figure",""
"QCL","Crops and livestock products","724","Spain","5312","Area harvested","0112","Maize (corn)","1982","1982","ha","418300","A","Official figure",""
"QCL","Crops and livestock products","724","Spain","5412","Yield","0112","Maize (corn)","1982","1982","kg/ha","5570.4","A","Official figure",""
"QCL","Crops and livestock products","724","Spain","5510","Production","0112","Maize (corn)","1982","1982","t","2330100","A","Official figure",""
"QCL","Crops and livestock products","724","Spain","5312","Area harvested","0112","Maize (corn)","1983","1983","ha","354145","A","Official figure",""
"QCL","Crops and livestock products","724","Spain","5412","Yield","0112","Maize (corn)","1983","1983","kg/ha","5092.3","A","Official figure",""
"QCL","Crops and livestock products","724","Spain","5510","Production","0112","Maize (corn)","1983","1983","t","1803400","A","Official figure",""
"QCL","Crops and livestock products","724","Spain","5312","Area harvested","0112","Maize (corn)","1984","1984","ha","440180","A","Official figure",""
"QCL","Crops and livestock products","724","Spain","5412","Yield","0112","Maize (corn)","1984","1984","kg/ha","5745.6","A","Official figure",""
"QCL","Crops and livestock products","724","Spain","5510","Production","0112","Maize (corn)","1984","1984","t","2529100","A","Official figure",""
"QCL","Crops and livestock products","724","Spain","5312","Area harvested","0112","Maize (corn)","1985","1985","ha","526179","A","Official figure",""
"QCL","Crops and livestock products","724","Spain","5412","Yield","0112","Maize (corn)","1985","1985","kg/ha","6487.9","A","Official figure",""
"QCL","Crops and livestock products","724","Spain","5510","Production","0112","Maize (corn)","1985","1985","t","3413788","A","Official figure",""
"QCL","Crops and livestock products","724","Spain","5312","Area harvested","0112","Maize (corn)","1986","1986","ha","523965","A","Official figure",""
"QCL","Crops and livestock products","724","Spain","5412","Yield","0112","Maize (corn)","1986","1986","kg/ha","6534.2","A","Official figure",""
"QCL","Crops and livestock products","724","Spain","5510","Production","0112","Maize (corn)","1986","1986","t","3423700","A","Official figure",""
"QCL","Crops and livestock products","724","Spain","5312","Area harvested","0112","Maize (corn)","1987","1987","ha","542195","A","Official figure",""
"QCL","Crops and livestock products","724","Spain","5412","Yield","0112","Maize (corn)","1987","1987","kg/ha","6561.1","A","Official figure",""
"QCL","Crops and livestock products","724","Spain","5510","Production","0112","Maize (corn)","1987","1987","t","3557406","A","Official figure",""
"QCL","Crops and livestock products","724","Spain","5312","Area harvested","0112","Maize (corn)","1988","1988","ha","556100","A","Official figure",""
"QCL","Crops and livestock products","724","Spain","5412","Yield","0112","Maize (corn)","1988","1988","kg/ha","6432.3","A","Official figure",""
"QCL","Crops and livestock products","724","Spain","5510","Production","0112","Maize (corn)","1988","1988","t","3577000","A","Official figure",""
"QCL","Crops and livestock products","724","Spain","5312","Area harvested","0112","Maize (corn)","1989","1989","ha","527900","A","Official figure",""
"QCL","Crops and livestock products","724","Spain","5412","Yield","0112","Maize (corn)","1989","1989","kg/ha","6304.2","A","Official figure",""
"QCL","Crops and livestock products","724","Spain","5510","Production","0112","Maize (corn)","1989","1989","t","3328000","A","Official figure",""
"QCL","Crops and livestock products","724","Spain","5312","Area harvested","0112","Maize (corn)","1990","1990","ha","473400","A","Official figure",""
"QCL","Crops and livestock products","724","Spain","5412","Yield","0112","Maize (corn)","1990","1990","kg/ha","6425.6","A","Official figure",""
"QCL","Crops and livestock products","724","Spain","5510","Production","0112","Maize (corn)","1990","1990","t","3041900","A","Official figure",""
"QCL","Crops and livestock products","724","Spain","5312","Area harvested","0112","Maize (corn)","1991","1991","ha","484800","A","Official figure",""
"QCL","Crops and livestock products","724","Spain","5412","Yield","0112","Maize (corn)","1991","1991","kg/ha","6669.2","A","Official figure",""
"QCL","Crops and livestock products","724","Spain","5510","Production","0112","Maize (corn)","1991","1991","t","3233250","A","Official figure",""
"QCL","Crops and livestock products","724","Spain","5312","Area harvested","0112","Maize (corn)","1992","1992","ha","392974","A","Official figure",""
"QCL","Crops and livestock products","724","Spain","5412","Yield","0112","Maize (corn)","1992","1992","kg/ha","7017","A","Official figure",""
"QCL","Crops and livestock products","724","Spain","5510","Production","0112","Maize (corn)","1992","1992","t","2757500","A","Official figure",""
"QCL","Crops and livestock products","724","Spain","5312","Area harvested","0112","Maize (corn)","1993","1993","ha","264500","A","Official figure",""
"QCL","Crops and livestock products","724","Spain","5412","Yield","0112","Maize (corn)","1993","1993","kg/ha","6173.6","A","Official figure",""
"QCL","Crops and livestock products","724","Spain","5510","Production","0112","Maize (corn)","1993","1993","t","1632929","A","Official figure",""
"QCL","Crops and livestock products","724","Spain","5312","Area harvested","0112","Maize (corn)","1994","1994","ha","341800","A","Official figure",""
"QCL","Crops and livestock products","724","Spain","5412","Yield","0112","Maize (corn)","1994","1994","kg/ha","6856.6","A","Official figure",""
"QCL","Crops and livestock products","724","Spain","5510","Production","0112","Maize (corn)","1994","1994","t","2343600","A","Official figure",""
"QCL","Crops and livestock products","724","Spain","5312","Area harvested","0112","Maize (corn)","1995","1995","ha","357500","A","Official figure",""
"QCL","Crops and livestock products","724","Spain","5412","Yield","0112","Maize (corn)","1995","1995","kg/ha","7245.9","A","Official figure",""
"QCL","Crops and livestock products","724","Spain","5510","Production","0112","Maize (corn)","1995","1995","t","2590400","A","Official figure",""
"QCL","Crops and livestock products","724","Spain","5312","Area harvested","0112","Maize (corn)","1996","1996","ha","439700","A","Official figure",""
"QCL","Crops and livestock products","724","Spain","5412","Yield","0112","Maize (corn)","1996","1996","kg/ha","8530.8","A","Official figure",""
"QCL","Crops and livestock products","724","Spain","5510","Production","0112","Maize (corn)","1996","1996","t","3751000","A","Official figure",""
"QCL","Crops and livestock products","724","Spain","5312","Area harvested","0112","Maize (corn)","1997","1997","ha","486500","A","Official figure",""
"QCL","Crops and livestock products","724","Spain","5412","Yield","0112","Maize (corn)","1997","1997","kg/ha","9150.1","A","Official figure",""
"QCL","Crops and livestock products","724","Spain","5510","Production","0112","Maize (corn)","1997","1997","t","4451502","A","Official figure",""
"QCL","Crops and livestock products","724","Spain","5312","Area harvested","0112","Maize (corn)","1998","1998","ha","459100","A","Official figure",""
"QCL","Crops and livestock products","724","Spain","5412","Yield","0112","Maize (corn)","1998","1998","kg/ha","9473.1","A","Official figure",""
"QCL","Crops and livestock products","724","Spain","5510","Production","0112","Maize (corn)","1998","1998","t","4349100","A","Official figure",""
"QCL","Crops and livestock products","724","Spain","5312","Area harvested","0112","Maize (corn)","1999","1999","ha","397500","A","Official figure",""
"QCL","Crops and livestock products","724","Spain","5412","Yield","0112","Maize (corn)","1999","1999","kg/ha","9480.8","A","Official figure",""
"QCL","Crops and livestock products","724","Spain","5510","Production","0112","Maize (corn)","1999","1999","t","3768600","A","Official figure",""
"QCL","Crops and livestock products","724","Spain","5312","Area harvested","0112","Maize (corn)","2000","2000","ha","433146","A","Official figure",""
"QCL","Crops and livestock products","724","Spain","5412","Yield","0112","Maize (corn)","2000","2000","kg/ha","9215.7","A","Official figure",""
"QCL","Crops and livestock products","724","Spain","5510","Production","0112","Maize (corn)","2000","2000","t","3991752","A","Official figure",""
"QCL","Crops and livestock products","724","Spain","5312","Area harvested","0112","Maize (corn)","2001","2001","ha","512500","A","Official figure",""
"QCL","Crops and livestock products","724","Spain","5412","Yield","0112","Maize (corn)","2001","2001","kg/ha","9720.8","A","Official figure",""
"QCL","Crops and livestock products","724","Spain","5510","Production","0112","Maize (corn)","2001","2001","t","4981901","A","Official figure",""
"QCL","Crops and livestock products","724","Spain","5312","Area harvested","0112","Maize (corn)","2002","2002","ha","465134","A","Official figure",""
"QCL","Crops and livestock products","724","Spain","5412","Yield","0112","Maize (corn)","2002","2002","kg/ha","9514.2","A","Official figure",""
"QCL","Crops and livestock products","724","Spain","5510","Production","0112","Maize (corn)","2002","2002","t","4425373","A","Official figure",""
"QCL","Crops and livestock products","724","Spain","5312","Area harvested","0112","Maize (corn)","2003","2003","ha","479900","A","Official figure",""
"QCL","Crops and livestock products","724","Spain","5412","Yield","0112","Maize (corn)","2003","2003","kg/ha","9040.8","A","Official figure",""
"QCL","Crops and livestock products","724","Spain","5510","Production","0112","Maize (corn)","2003","2003","t","4338700","A","Official figure",""
"QCL","Crops and livestock products","724","Spain","5312","Area harvested","0112","Maize (corn)","2004","2004","ha","479801","A","Official figure",""
"QCL","Crops and livestock products","724","Spain","5412","Yield","0112","Maize (corn)","2004","2004","kg/ha","10069.1","A","Official figure",""
"QCL","Crops and livestock products","724","Spain","5510","Production","0112","Maize (corn)","2004","2004","t","4831147","A","Official figure",""
"QCL","Crops and livestock products","724","Spain","5312","Area harvested","0112","Maize (corn)","2005","2005","ha","414298","A","Official figure",""
"QCL","Crops and livestock products","724","Spain","5412","Yield","0112","Maize (corn)","2005","2005","kg/ha","9609.9","A","Official figure",""
"QCL","Crops and livestock products","724","Spain","5510","Production","0112","Maize (corn)","2005","2005","t","3981370","A","Official figure",""
"QCL","Crops and livestock products","724","Spain","5312","Area harvested","0112","Maize (corn)","2006","2006","ha","344400","A","Official figure",""
"QCL","Crops and livestock products","724","Spain","5412","Yield","0112","Maize (corn)","2006","2006","kg/ha","9743.7","A","Official figure",""
"QCL","Crops and livestock products","724","Spain","5510","Production","0112","Maize (corn)","2006","2006","t","3355722","A","Official figure",""
"QCL","Crops and livestock products","724","Spain","5312","Area harvested","0112","Maize (corn)","2007","2007","ha","360998","A","Official figure",""
"QCL","Crops and livestock products","724","Spain","5412","Yield","0112","Maize (corn)","2007","2007","kg/ha","10002.7","A","Official figure",""
"QCL","Crops and livestock products","724","Spain","5510","Production","0112","Maize (corn)","2007","2007","t","3610937","A","Official figure",""
"QCL","Crops and livestock products","724","Spain","5312","Area harvested","0112","Maize (corn)","2008","2008","ha","366300","A","Official figure",""
"QCL","Crops and livestock products","724","Spain","5412","Yield","0112","Maize (corn)","2008","2008","kg/ha","9906.1","A","Official figure",""
"QCL","Crops and livestock products","724","Spain","5510","Production","0112","Maize (corn)","2008","2008","t","3628600","A","Official figure",""
"QCL","Crops and livestock products","724","Spain","5312","Area harvested","0112","Maize (corn)","2009","2009","ha","348949","A","Official figure",""
"QCL","Crops and livestock products","724","Spain","5412","Yield","0112","Maize (corn)","2009","2009","kg/ha","10074.9","A","Official figure",""
"QCL","Crops and livestock products","724","Spain","5510","Production","0112","Maize (corn)","2009","2009","t","3515617","A","Official figure",""
"QCL","Crops and livestock products","724","Spain","5312","Area harvested","0112","Maize (corn)","2010","2010","ha","314990","A","Official figure",""
"QCL","Crops and livestock products","724","Spain","5412","Yield","0112","Maize (corn)","2010","2010","kg/ha","10555.3","A","Official figure",""
"QCL","Crops and livestock products","724","Spain","5510","Production","0112","Maize (corn)","2010","2010","t","3324821","A","Official figure",""
"QCL","Crops and livestock products","724","Spain","5312","Area harvested","0112","Maize (corn)","2011","2011","ha","369264","A","Official figure",""
"QCL","Crops and livestock products","724","Spain","5412","Yield","0112","Maize (corn)","2011","2011","kg/ha","11373.8","A","Official figure",""
"QCL","Crops and livestock products","724","Spain","5510","Production","0112","Maize (corn)","2011","2011","t","4199927","A","Official figure",""
"QCL","Crops and livestock products","724","Spain","5312","Area harvested","0112","Maize (corn)","2012","2012","ha","390433","A","Official figure",""
"QCL","Crops and livestock products","724","Spain","5412","Yield","0112","Maize (corn)","2012","2012","kg/ha","10916.4","A","Official figure",""
"QCL","Crops and livestock products","724","Spain","5510","Production","0112","Maize (corn)","2012","2012","t","4262116","A","Official figure",""
"QCL","Crops and livestock products","724","Spain","5312","Area harvested","0112","Maize (corn)","2013","2013","ha","442300","A","Official figure",""
"QCL","Crops and livestock products","724","Spain","5412","Yield","0112","Maize (corn)","2013","2013","kg/ha","11044.5","A","Official figure",""
"QCL","Crops and livestock products","724","Spain","5510","Production","0112","Maize (corn)","2013","2013","t","4885000","A","Official figure",""
"QCL","Crops and livestock products","724","Spain","5312","Area harvested","0112","Maize (corn)","2014","2014","ha","418545","A","Official figure",""
"QCL","Crops and livestock products","724","Spain","5412","Yield","0112","Maize (corn)","2014","2014","kg/ha","11411.4","A","Official figure",""
"QCL","Crops and livestock products","724","Spain","5510","Production","0112","Maize (corn)","2014","2014","t","4776190","A","Official figure",""
"QCL","Crops and livestock products","724","Spain","5312","Area harvested","0112","Maize (corn)","2015","2015","ha","398257","A","Official figure",""
"QCL","Crops and livestock products","724","Spain","5412","Yield","0112","Maize (corn)","2015","2015","kg/ha","11461","A","Official figure",""
"QCL","Crops and livestock products","724","Spain","5510","Production","0112","Maize (corn)","2015","2015","t","4564416","A","Official figure",""
"QCL","Crops and livestock products","724","Spain","5312","Area harvested","0112","Maize (corn)","2016","2016","ha","359275","A","Official figure",""
"QCL","Crops and livestock products","724","Spain","5412","Yield","0112","Maize (corn)","2016","2016","kg/ha","11327","A","Official figure",""
"QCL","Crops and livestock products","724","Spain","5510","Production","0112","Maize (corn)","2016","2016","t","4069508","A","Official figure",""
"QCL","Crops and livestock products","724","Spain","5312","Area harvested","0112","Maize (corn)","2017","2017","ha","333628","A","Official figure",""
"QCL","Crops and livestock products","724","Spain","5412","Yield","0112","Maize (corn)","2017","2017","kg/ha","11316.9","A","Official figure",""
"QCL","Crops and livestock products","724","Spain","5510","Production","0112","Maize (corn)","2017","2017","t","3775645","A","Official figure",""
"QCL","Crops and livestock products","724","Spain","5312","Area harvested","0112","Maize (corn)","2018","2018","ha","322370","A","Official figure",""
"QCL","Crops and livestock products","724","Spain","5412","Yield","0112","Maize (corn)","2018","2018","kg/ha","11919.6","A","Official figure",""
"QCL","Crops and livestock products","724","Spain","5510","Production","0112","Maize (corn)","2018","2018","t","3842520","A","Official figure",""
"QCL","Crops and livestock products","724","Spain","5312","Area harvested","0112","Maize (corn)","2019","2019","ha","356830","A","Official figure",""
"QCL","Crops and livestock products","724","Spain","5412","Yield","0112","Maize (corn)","2019","2019","kg/ha","11726.8","A","Official figure",""
"QCL","Crops and livestock products","724","Spain","5510","Production","0112","Maize (corn)","2019","2019","t","4184460","A","Official figure",""
"QCL","Crops and livestock products","724","Spain","5312","Area harvested","0112","Maize (corn)","2020","2020","ha","343780","A","Official figure",""
"QCL","Crops and livestock products","724","Spain","5412","Yield","0112","Maize (corn)","2020","2020","kg/ha","12258.1","A","Official figure",""
"QCL","Crops and livestock products","724","Spain","5510","Production","0112","Maize (corn)","2020","2020","t","4214100","A","Official figure",""
"QCL","Crops and livestock products","724","Spain","5312","Area harvested","0112","Maize (corn)","2021","2021","ha","358270","A","Official figure",""
"QCL","Crops and livestock products","724","Spain","5412","Yield","0112","Maize (corn)","2021","2021","kg/ha","12832.9","A","Official figure",""
"QCL","Crops and livestock products","724","Spain","5510","Production","0112","Maize (corn)","2021","2021","t","4597660","A","Official figure",""
"QCL","Crops and livestock products","724","Spain","5312","Area harvested","0112","Maize (corn)","2022","2022","ha","314290","A","Official figure",""
"QCL","Crops and livestock products","724","Spain","5412","Yield","0112","Maize (corn)","2022","2022","kg/ha","11423.4","A","Official figure",""
"QCL","Crops and livestock products","724","Spain","5510","Production","0112","Maize (corn)","2022","2022","t","3590260","A","Official figure",""
"QCL","Crops and livestock products","724","Spain","5312","Area harvested","0112","Maize (corn)","2023","2023","ha","239900","A","Official figure",""
"QCL","Crops and livestock products","724","Spain","5412","Yield","0112","Maize (corn)","2023","2023","kg/ha","11818.9","A","Official figure",""
"QCL","Crops and livestock products","724","Spain","5510","Production","0112","Maize (corn)","2023","2023","t","2835360","A","Official figure",""
"QCL","Crops and livestock products","724","Spain","5312","Area harvested","0112","Maize (corn)","2024","2024","ha","288900","A","Official figure",""
"QCL","Crops and livestock products","724","Spain","5412","Yield","0112","Maize (corn)","2024","2024","kg/ha","12115.1","A","Official figure",""
"QCL","Crops and livestock products","724","Spain","5510","Production","0112","Maize (corn)","2024","2024","t","3500060","A","Official figure",""
"QCL","Crops and livestock products","724","Spain","5312","Area harvested","01445","Sunflower seed","1980","1980","ha","668300","A","Official figure",""
"QCL","Crops and livestock products","724","Spain","5412","Yield","01445","Sunflower seed","1980","1980","kg/ha","1002.5","A","Official figure",""
"QCL","Crops and livestock products","724","Spain","5510","Production","01445","Sunflower seed","1980","1980","t","670000","A","Official figure",""
"QCL","Crops and livestock products","724","Spain","5312","Area harvested","01445","Sunflower seed","1981","1981","ha","725500","A","Official figure",""
"QCL","Crops and livestock products","724","Spain","5412","Yield","01445","Sunflower seed","1981","1981","kg/ha","510","A","Official figure",""
"QCL","Crops and livestock products","724","Spain","5510","Production","01445","Sunflower seed","1981","1981","t","370000","A","Official figure",""
"QCL","Crops and livestock products","724","Spain","5312","Area harvested","01445","Sunflower seed","1982","1982","ha","842900","A","Official figure",""
"QCL","Crops and livestock products","724","Spain","5412","Yield","01445","Sunflower seed","1982","1982","kg/ha","907.6","A","Official figure",""
"QCL","Crops and livestock products","724","Spain","5510","Production","01445","Sunflower seed","1982","1982","t","765000","A","Official figure",""
"QCL","Crops and livestock products","724","Spain","5312","Area harvested","01445","Sunflower seed","1983","1983","ha","926500","A","Official figure",""
"QCL","Crops and livestock products","724","Spain","5412","Yield","01445","Sunflower seed","1983","1983","kg/ha","809.5","A","Official figure",""
"QCL","Crops and livestock products","724","Spain","5510","Production","01445","Sunflower seed","1983","1983","t","750000","A","Official figure",""
"QCL","Crops and livestock products","724","Spain","5312","Area harvested","01445","Sunflower seed","1984","1984","ha","1007467","A","Official figure",""
"QCL","Crops and livestock products","724","Spain","5412","Yield","01445","Sunflower seed","1984","1984","kg/ha","1091.9","A","Official figure",""
"QCL","Crops and livestock products","724","Spain","5510","Production","01445","Sunflower seed","1984","1984","t","1100075","A","Official figure",""
"QCL","Crops and livestock products","724","Spain","5312","Area harvested","01445","Sunflower seed","1985","1985","ha","988575","A","Official figure",""
"QCL","Crops and livestock products","724","Spain","5412","Yield","01445","Sunflower seed","1985","1985","kg/ha","925.9","A","Official figure",""
"QCL","Crops and livestock products","724","Spain","5510","Production","01445","Sunflower seed","1985","1985","t","915344","A","Official figure",""
"QCL","Crops and livestock products","724","Spain","5312","Area harvested","01445","Sunflower seed","1986","1986","ha","939200","A","Official figure",""
"QCL","Crops and livestock products","724","Spain","5412","Yield","01445","Sunflower seed","1986","1986","kg/ha","928.4","A","Official figure",""
"QCL","Crops and livestock products","724","Spain","5510","Production","01445","Sunflower seed","1986","1986","t","872000","A","Official figure",""
"QCL","Crops and livestock products","724","Spain","5312","Area harvested","01445","Sunflower seed","1987","1987","ha","994303","A","Official figure",""
"QCL","Crops and livestock products","724","Spain","5412","Yield","01445","Sunflower seed","1987","1987","kg/ha","1011.8","A","Official figure",""
"QCL","Crops and livestock products","724","Spain","5510","Production","01445","Sunflower seed","1987","1987","t","1006000","A","Official figure",""
"QCL","Crops and livestock products","724","Spain","5312","Area harvested","01445","Sunflower seed","1988","1988","ha","940100","A","Official figure",""
"QCL","Crops and livestock products","724","Spain","5412","Yield","01445","Sunflower seed","1988","1988","kg/ha","1208","A","Official figure",""
"QCL","Crops and livestock products","724","Spain","5510","Production","01445","Sunflower seed","1988","1988","t","1135600","A","Official figure",""
"QCL","Crops and livestock products","724","Spain","5312","Area harvested","01445","Sunflower seed","1989","1989","ha","978400","A","Official figure",""
"QCL","Crops and livestock products","724","Spain","5412","Yield","01445","Sunflower seed","1989","1989","kg/ha","947.3","A","Official figure",""
"QCL","Crops and livestock products","724","Spain","5510","Production","01445","Sunflower seed","1989","1989","t","926800","A","Official figure",""
"QCL","Crops and livestock products","724","Spain","5312","Area harvested","01445","Sunflower seed","1990","1990","ha","1200600","A","Official figure",""
"QCL","Crops and livestock products","724","Spain","5412","Yield","01445","Sunflower seed","1990","1990","kg/ha","1093","A","Official figure",""
"QCL","Crops and livestock products","724","Spain","5510","Production","01445","Sunflower seed","1990","1990","t","1312300","A","Official figure",""
"QCL","Crops and livestock products","724","Spain","5312","Area harvested","01445","Sunflower seed","1991","1991","ha","1069700","A","Official figure",""
"QCL","Crops and livestock products","724","Spain","5412","Yield","01445","Sunflower seed","1991","1991","kg/ha","958.7","A","Official figure",""
"QCL","Crops and livestock products","724","Spain","5510","Production","01445","Sunflower seed","1991","1991","t","1025500","A","Official figure",""
"QCL","Crops and livestock products","724","Spain","5312","Area harvested","01445","Sunflower seed","1992","1992","ha","1456200","A","Official figure",""
"QCL","Crops and livestock products","724","Spain","5412","Yield","01445","Sunflower seed","1992","1992","kg/ha","922.3","A","Official figure",""
"QCL","Crops and livestock products","724","Spain","5510","Production","01445","Sunflower seed","1992","1992","t","1343100","A","Official figure",""
"QCL","Crops and livestock products","724","Spain","5312","Area harvested","01445","Sunflower seed","1993","1993","ha","2140856","A","Official figure",""
"QCL","Crops and livestock products","724","Spain","5412","Yield","01445","Sunflower seed","1993","1993","kg/ha","611.5","A","Official figure",""
"QCL","Crops and livestock products","724","Spain","5510","Production","01445","Sunflower seed","1993","1993","t","1309215","A","Official figure",""
"QCL","Crops and livestock products","724","Spain","5312","Area harvested","01445","Sunflower seed","1994","1994","ha","1355170","A","Official figure",""
"QCL","Crops and livestock products","724","Spain","5412","Yield","01445","Sunflower seed","1994","1994","kg/ha","722.1","A","Official figure",""
"QCL","Crops and livestock products","724","Spain","5510","Production","01445","Sunflower seed","1994","1994","t","978574","A","Official figure",""
"QCL","Crops and livestock products","724","Spain","5312","Area harvested","01445","Sunflower seed","1995","1995","ha","1111500","A","Official figure",""
"QCL","Crops and livestock products","724","Spain","5412","Yield","01445","Sunflower seed","1995","1995","kg/ha","528.6","A","Official figure",""
"QCL","Crops and livestock products","724","Spain","5510","Production","01445","Sunflower seed","1995","1995","t","587500","A","Official figure",""
"QCL","Crops and livestock products","724","Spain","5312","Area harvested","01445","Sunflower seed","1996","1996","ha","1098200","A","Official figure",""
"QCL","Crops and livestock products","724","Spain","5412","Yield","01445","Sunflower seed","1996","1996","kg/ha","1072.4","A","Official figure",""
"QCL","Crops and livestock products","724","Spain","5510","Production","01445","Sunflower seed","1996","1996","t","1177700","A","Official figure",""
"QCL","Crops and livestock products","724","Spain","5312","Area harvested","01445","Sunflower seed","1997","1997","ha","1004154","A","Official figure",""
"QCL","Crops and livestock products","724","Spain","5412","Yield","01445","Sunflower seed","1997","1997","kg/ha","1279","A","Official figure",""
"QCL","Crops and livestock products","724","Spain","5510","Production","01445","Sunflower seed","1997","1997","t","1284291","A","Official figure",""
"QCL","Crops and livestock products","724","Spain","5312","Area harvested","01445","Sunflower seed","1998","1998","ha","1047700","A","Official figure",""
"QCL","Crops and livestock products","724","Spain","5412","Yield","01445","Sunflower seed","1998","1998","kg/ha","1136","A","Official figure",""
"QCL","Crops and livestock products","724","Spain","5510","Production","01445","Sunflower seed","1998","1998","t","1190200","A","Official figure",""
"QCL","Crops and livestock products","724","Spain","5312","Area harvested","01445","Sunflower seed","1999","1999","ha","849900","A","Official figure",""
"QCL","Crops and livestock products","724","Spain","5412","Yield","01445","Sunflower seed","1999","1999","kg/ha","757.3","A","Official figure",""
"QCL","Crops and livestock products","724","Spain","5510","Production","01445","Sunflower seed","1999","1999","t","643600","A","Official figure",""
"QCL","Crops and livestock products","724","Spain","5312","Area harvested","01445","Sunflower seed","2000","2000","ha","838904","A","Official figure",""
"QCL","Crops and livestock products","724","Spain","5412","Yield","01445","Sunflower seed","2000","2000","kg/ha","1095.5","A","Official figure",""
"QCL","Crops and livestock products","724","Spain","5510","Production","01445","Sunflower seed","2000","2000","t","918999","A","Official figure",""
"QCL","Crops and livestock products","724","Spain","5312","Area harvested","01445","Sunflower seed","2001","2001","ha","861153","A","Official figure",""
"QCL","Crops and livestock products","724","Spain","5412","Yield","01445","Sunflower seed","2001","2001","kg/ha","1011.4","A","Official figure",""
"QCL","Crops and livestock products","724","Spain","5510","Production","01445","Sunflower seed","2001","2001","t","871002","A","Official figure",""
"QCL","Crops and livestock products","724","Spain","5312","Area harvested","01445","Sunflower seed","2002","2002","ha","753628","A","Official figure",""
"QCL","Crops and livestock products","724","Spain","5412","Yield","01445","Sunflower seed","2002","2002","kg/ha","1023.2","A","Official figure",""
"QCL","Crops and livestock products","724","Spain","5510","Production","01445","Sunflower seed","2002","2002","t","771107","A","Official figure",""
"QCL","Crops and livestock products","724","Spain","5312","Area harvested","01445","Sunflower seed","2003","2003","ha","786832","A","Official figure",""
"QCL","Crops and livestock products","724","Spain","5412","Yield","01445","Sunflower seed","2003","2003","kg/ha","969.1","A","Official figure",""
"QCL","Crops and livestock products","724","Spain","5510","Production","01445","Sunflower seed","2003","2003","t","762524","A","Official figure",""
"QCL","Crops and livestock products","724","Spain","5312","Area harvested","01445","Sunflower seed","2004","2004","ha","752175","A","Official figure",""
"QCL","Crops and livestock products","724","Spain","5412","Yield","01445","Sunflower seed","2004","2004","kg/ha","1091.3","A","Official figure",""
"QCL","Crops and livestock products","724","Spain","5510","Production","01445","Sunflower seed","2004","2004","t","820872","A","Official figure",""
"QCL","Crops and livestock products","724","Spain","5312","Area harvested","01445","Sunflower seed","2005","2005","ha","516160","A","Official figure",""
"QCL","Crops and livestock products","724","Spain","5412","Yield","01445","Sunflower seed","2005","2005","kg/ha","738.7","A","Official figure",""
"QCL","Crops and livestock products","724","Spain","5510","Production","01445","Sunflower seed","2005","2005","t","381275","A","Official figure",""
"QCL","Crops and livestock products","724","Spain","5312","Area harvested","01445","Sunflower seed","2006","2006","ha","622494","A","Official figure",""
"QCL","Crops and livestock products","724","Spain","5412","Yield","01445","Sunflower seed","2006","2006","kg/ha","1063.6","A","Official figure",""
"QCL","Crops and livestock products","724","Spain","5510","Production","01445","Sunflower seed","2006","2006","t","662083","A","Official figure",""
"QCL","Crops and livestock products","724","Spain","5312","Area harvested","01445","Sunflower seed","2007","2007","ha","600866","A","Official figure",""
"QCL","Crops and livestock products","724","Spain","5412","Yield","01445","Sunflower seed","2007","2007","kg/ha","1220.2","A","Official figure",""
"QCL","Crops and livestock products","724","Spain","5510","Production","01445","Sunflower seed","2007","2007","t","733154","A","Official figure",""
"QCL","Crops and livestock products","724","Spain","5312","Area harvested","01445","Sunflower seed","2008","2008","ha","730819","A","Official figure",""
"QCL","Crops and livestock products","724","Spain","5412","Yield","01445","Sunflower seed","2008","2008","kg/ha","1194.1","A","Official figure",""
"QCL","Crops and livestock products","724","Spain","5510","Production","01445","Sunflower seed","2008","2008","t","872687","A","Official figure",""
"QCL","Crops and livestock products","724","Spain","5312","Area harvested","01445","Sunflower seed","2009","2009","ha","851120","A","Official figure",""
"QCL","Crops and livestock products","724","Spain","5412","Yield","01445","Sunflower seed","2009","2009","kg/ha","1021.6","A","Official figure",""
"QCL","Crops and livestock products","724","Spain","5510","Production","01445","Sunflower seed","2009","2009","t","869540","A","Official figure",""
"QCL","Crops and livestock products","724","Spain","5312","Area harvested","01445","Sunflower seed","2010","2010","ha","697900","A","Official figure",""
"QCL","Crops and livestock products","724","Spain","5412","Yield","01445","Sunflower seed","2010","2010","kg/ha","1271","A","Official figure",""
"QCL","Crops and livestock products","724","Spain","5510","Production","01445","Sunflower seed","2010","2010","t","887000","A","Official figure",""
"QCL","Crops and livestock products","724","Spain","5312","Area harvested","01445","Sunflower seed","2011","2011","ha","862869","A","Official figure",""
"QCL","Crops and livestock products","724","Spain","5412","Yield","01445","Sunflower seed","2011","2011","kg/ha","1263.4","A","Official figure",""
"QCL","Crops and livestock products","724","Spain","5510","Production","01445","Sunflower seed","2011","2011","t","1090171","A","Official figure",""
"QCL","Crops and livestock products","724","Spain","5312","Area harvested","01445","Sunflower seed","2012","2012","ha","753015","A","Official figure",""
"QCL","Crops and livestock products","724","Spain","5412","Yield","01445","Sunflower seed","2012","2012","kg/ha","852.6","A","Official figure",""
"QCL","Crops and livestock products","724","Spain","5510","Production","01445","Sunflower seed","2012","2012","t","642017","A","Official figure",""
"QCL","Crops and livestock products","724","Spain","5312","Area harvested","01445","Sunflower seed","2013","2013","ha","849100","A","Official figure",""
"QCL","Crops and livestock products","724","Spain","5412","Yield","01445","Sunflower seed","2013","2013","kg/ha","1212.3","A","Official figure",""
"QCL","Crops and livestock products","724","Spain","5510","Production","01445","Sunflower seed","2013","2013","t","1029400","A","Official figure",""
"QCL","Crops and livestock products","724","Spain","5312","Area harvested","01445","Sunflower seed","2014","2014","ha","783425","A","Official figure",""
"QCL","Crops and livestock products","724","Spain","5412","Yield","01445","Sunflower seed","2014","2014","kg/ha","1216.4","A","Official figure",""
"QCL","Crops and livestock products","724","Spain","5510","Production","01445","Sunflower seed","2014","2014","t","952986","A","Official figure",""
"QCL","Crops and livestock products","724","Spain","5312","Area harvested","01445","Sunflower seed","2015","2015","ha","738851","A","Official figure",""
"QCL","Crops and livestock products","724","Spain","5412","Yield","01445","Sunflower seed","2015","2015","kg/ha","1041.1","A","Official figure",""
"QCL","Crops and livestock products","724","Spain","5510","Production","01445","Sunflower seed","2015","2015","t","769195","A","Official figure",""
"QCL","Crops and livestock products","724","Spain","5312","Area harvested","01445","Sunflower seed","2016","2016","ha","717672","A","Official figure",""
"QCL","Crops and livestock products","724","Spain","5412","Yield","01445","Sunflower seed","2016","2016","kg/ha","1076","A","Official figure",""
"QCL","Crops and livestock products","724","Spain","5510","Production","01445","Sunflower seed","2016","2016","t","772179.68","A","Official figure",""
"QCL","Crops and livestock products","724","Spain","5312","Area harvested","01445","Sunflower seed","2017","2017","ha","724629","A","Official figure",""
"QCL","Crops and livestock products","724","Spain","5412","Yield","01445","Sunflower seed","2017","2017","kg/ha","1161.6","A","Official figure",""
"QCL","Crops and livestock products","724","Spain","5510","Production","01445","Sunflower seed","2017","2017","t","841740","A","Official figure",""
"QCL","Crops and livestock products","724","Spain","5312","Area harvested","01445","Sunflower seed","2018","2018","ha","691280","A","Official figure",""
"QCL","Crops and livestock products","724","Spain","5412","Yield","01445","Sunflower seed","2018","2018","kg/ha","1389.9","A","Official figure",""
"QCL","Crops and livestock products","724","Spain","5510","Production","01445","Sunflower seed","2018","2018","t","960790","A","Official figure",""
"QCL","Crops and livestock products","724","Spain","5312","Area harvested","01445","Sunflower seed","2019","2019","ha","701770","A","Official figure",""
"QCL","Crops and livestock products","724","Spain","5412","Yield","01445","Sunflower seed","2019","2019","kg/ha","1114.7","A","Official figure",""
"QCL","Crops and livestock products","724","Spain","5510","Production","01445","Sunflower seed","2019","2019","t","782290","A","Official figure",""
"QCL","Crops and livestock products","724","Spain","5312","Area harvested","01445","Sunflower seed","2020","2020","ha","650050","A","Official figure",""
"QCL","Crops and livestock products","724","Spain","5412","Yield","01445","Sunflower seed","2020","2020","kg/ha","1373.4","A","Official figure",""
"QCL","Crops and livestock products","724","Spain","5510","Production","01445","Sunflower seed","2020","2020","t","892800","A","Official figure",""
"QCL","Crops and livestock products","724","Spain","5312","Area harvested","01445","Sunflower seed","2021","2021","ha","631160","A","Official figure",""
"QCL","Crops and livestock products","724","Spain","5412","Yield","01445","Sunflower seed","2021","2021","kg/ha","1217.4","A","Official figure",""
"QCL","Crops and livestock products","724","Spain","5510","Production","01445","Sunflower seed","2021","2021","t","768350","A","Official figure",""
"QCL","Crops and livestock products","724","Spain","5312","Area harvested","01445","Sunflower seed","2022","2022","ha","876670","A","Official figure",""
"QCL","Crops and livestock products","724","Spain","5412","Yield","01445","Sunflower seed","2022","2022","kg/ha","945.9","A","Official figure",""
"QCL","Crops and livestock products","724","Spain","5510","Production","01445","Sunflower seed","2022","2022","t","829250","A","Official figure",""
"QCL","Crops and livestock products","724","Spain","5312","Area harvested","01445","Sunflower seed","2023","2023","ha","781710","A","Official figure",""
"QCL","Crops and livestock products","724","Spain","5412","Yield","01445","Sunflower seed","2023","2023","kg/ha","1086.6","A","Official figure",""
"QCL","Crops and livestock products","724","Spain","5510","Production","01445","Sunflower seed","2023","2023","t","849400","A","Official figure",""
"QCL","Crops and livestock products","724","Spain","5312","Area harvested","01445","Sunflower seed","2024","2024","ha","754430","A","Official figure",""
"QCL","Crops and livestock products","724","Spain","5412","Yield","01445","Sunflower seed","2024","2024","kg/ha","1102.3","A","Official figure",""
"QCL","Crops and livestock products","724","Spain","5510","Production","01445","Sunflower seed","2024","2024","t","831610","A","Official figure",""
"QCL","Crops and livestock products","724","Spain","5312","Area harvested","01234","Tomatoes","1980","1980","ha","60700","A","Official figure",""
"QCL","Crops and livestock products","724","Spain","5412","Yield","01234","Tomatoes","1980","1980","kg/ha","35375.6","A","Official figure",""
"QCL","Crops and livestock products","724","Spain","5510","Production","01234","Tomatoes","1980","1980","t","2147300","A","Official figure",""
"QCL","Crops and livestock products","724","Spain","5312","Area harvested","01234","Tomatoes","1981","1981","ha","59600","A","Official figure",""
"QCL","Crops and livestock products","724","Spain","5412","Yield","01234","Tomatoes","1981","1981","kg/ha","36223.2","A","Official figure",""
"QCL","Crops and livestock products","724","Spain","5510","Production","01234","Tomatoes","1981","1981","t","2158900","A","Official figure",""
"QCL","Crops and livestock products","724","Spain","5312","Area harvested","01234","Tomatoes","1982","1982","ha","59300","A","Official figure",""
"QCL","Crops and livestock products","724","Spain","5412","Yield","01234","Tomatoes","1982","1982","kg/ha","38059","A","Official figure",""
"QCL","Crops and livestock products","724","Spain","5510","Production","01234","Tomatoes","1982","1982","t","2256900","A","Official figure",""
"QCL","Crops and livestock products","724","Spain","5312","Area harvested","01234","Tomatoes","1983","1983","ha","59600","A","Official figure",""
"QCL","Crops and livestock products","724","Spain","5412","Yield","01234","Tomatoes","1983","1983","kg/ha","39406","A","Official figure",""
"QCL","Crops and livestock products","724","Spain","5510","Production","01234","Tomatoes","1983","1983","t","2348600","A","Official figure",""
"QCL","Crops and livestock products","724","Spain","5312","Area harvested","01234","Tomatoes","1984","1984","ha","65100","A","Official figure",""
"QCL","Crops and livestock products","724","Spain","5412","Yield","01234","Tomatoes","1984","1984","kg/ha","38567.7","A","Official figure",""
"QCL","Crops and livestock products","724","Spain","5510","Production","01234","Tomatoes","1984","1984","t","2510759","A","Official figure",""
"QCL","Crops and livestock products","724","Spain","5312","Area harvested","01234","Tomatoes","1985","1985","ha","60609","A","Official figure",""
"QCL","Crops and livestock products","724","Spain","5412","Yield","01234","Tomatoes","1985","1985","kg/ha","40076.5","A","Official figure",""
"QCL","Crops and livestock products","724","Spain","5510","Production","01234","Tomatoes","1985","1985","t","2428998","A","Official figure",""
"QCL","Crops and livestock products","724","Spain","5312","Area harvested","01234","Tomatoes","1986","1986","ha","57000","A","Official figure",""
"QCL","Crops and livestock products","724","Spain","5412","Yield","01234","Tomatoes","1986","1986","kg/ha","42105.3","A","Official figure",""
"QCL","Crops and livestock products","724","Spain","5510","Production","01234","Tomatoes","1986","1986","t","2400000","A","Official figure",""
"QCL","Crops and livestock products","724","Spain","5312","Area harvested","01234","Tomatoes","1987","1987","ha","56000","A","Official figure",""
"QCL","Crops and livestock products","724","Spain","5412","Yield","01234","Tomatoes","1987","1987","kg/ha","43696.4","A","Official figure",""
"QCL","Crops and livestock products","724","Spain","5510","Production","01234","Tomatoes","1987","1987","t","2447000","A","Official figure",""
"QCL","Crops and livestock products","724","Spain","5312","Area harvested","01234","Tomatoes","1988","1988","ha","60400","A","Official figure",""
"QCL","Crops and livestock products","724","Spain","5412","Yield","01234","Tomatoes","1988","1988","kg/ha","42738.4","A","Official figure",""
"QCL","Crops and livestock products","724","Spain","5510","Production","01234","Tomatoes","1988","1988","t","2581400","A","Official figure",""
"QCL","Crops and livestock products","724","Spain","5312","Area harvested","01234","Tomatoes","1989","1989","ha","66100","A","Official figure",""
"QCL","Crops and livestock products","724","Spain","5412","Yield","01234","Tomatoes","1989","1989","kg/ha","44838.1","A","Official figure",""
"QCL","Crops and livestock products","724","Spain","5510","Production","01234","Tomatoes","1989","1989","t","2963800","A","Official figure",""
"QCL","Crops and livestock products","724","Spain","5312","Area harvested","01234","Tomatoes","1990","1990","ha","69900","A","Official figure",""
"QCL","Crops and livestock products","724","Spain","5412","Yield","01234","Tomatoes","1990","1990","kg/ha","45211.7","A","Official figure",""
"QCL","Crops and livestock products","724","Spain","5510","Production","01234","Tomatoes","1990","1990","t","3160300","A","Official figure",""
"QCL","Crops and livestock products","724","Spain","5312","Area harvested","01234","Tomatoes","1991","1991","ha","59900","A","Official figure",""
"QCL","Crops and livestock products","724","Spain","5412","Yield","01234","Tomatoes","1991","1991","kg/ha","44495.8","A","Official figure",""
"QCL","Crops and livestock products","724","Spain","5510","Production","01234","Tomatoes","1991","1991","t","2665300","A","Official figure",""
"QCL","Crops and livestock products","724","Spain","5312","Area harvested","01234","Tomatoes","1992","1992","ha","55800","A","Official figure",""
"QCL","Crops and livestock products","724","Spain","5412","Yield","01234","Tomatoes","1992","1992","kg/ha","47444.4","A","Official figure",""
"QCL","Crops and livestock products","724","Spain","5510","Production","01234","Tomatoes","1992","1992","t","2647400","A","Official figure",""
"QCL","Crops and livestock products","724","Spain","5312","Area harvested","01234","Tomatoes","1993","1993","ha","57100","A","Official figure",""
"QCL","Crops and livestock products","724","Spain","5412","Yield","01234","Tomatoes","1993","1993","kg/ha","49138.4","A","Official figure",""
"QCL","Crops and livestock products","724","Spain","5510","Production","01234","Tomatoes","1993","1993","t","2805800","A","Official figure",""
"QCL","Crops and livestock products","724","Spain","5312","Area harvested","01234","Tomatoes","1994","1994","ha","60155","A","Official figure",""
"QCL","Crops and livestock products","724","Spain","5412","Yield","01234","Tomatoes","1994","1994","kg/ha","51680.2","A","Official figure",""
"QCL","Crops and livestock products","724","Spain","5510","Production","01234","Tomatoes","1994","1994","t","3108820","A","Official figure",""
"QCL","Crops and livestock products","724","Spain","5312","Area harvested","01234","Tomatoes","1995","1995","ha","55200","A","Official figure",""
"QCL","Crops and livestock products","724","Spain","5412","Yield","01234","Tomatoes","1995","1995","kg/ha","51469.2","A","Official figure",""
"QCL","Crops and livestock products","724","Spain","5510","Production","01234","Tomatoes","1995","1995","t","2841100","A","Official figure",""
"QCL","Crops and livestock products","724","Spain","5312","Area harvested","01234","Tomatoes","1996","1996","ha","56800","A","Official figure",""
"QCL","Crops and livestock products","724","Spain","5412","Yield","01234","Tomatoes","1996","1996","kg/ha","58563.4","A","Official figure",""
"QCL","Crops and livestock products","724","Spain","5510","Production","01234","Tomatoes","1996","1996","t","3326400","A","Official figure",""
"QCL","Crops and livestock products","724","Spain","5312","Area harvested","01234","Tomatoes","1997","1997","ha","57746","A","Official figure",""
"QCL","Crops and livestock products","724","Spain","5412","Yield","01234","Tomatoes","1997","1997","kg/ha","58189.4","A","Official figure",""
"QCL","Crops and livestock products","724","Spain","5510","Production","01234","Tomatoes","1997","1997","t","3360207","A","Official figure",""
"QCL","Crops and livestock products","724","Spain","5312","Area harvested","01234","Tomatoes","1998","1998","ha","60200","A","Official figure",""
"QCL","Crops and livestock products","724","Spain","5412","Yield","01234","Tomatoes","1998","1998","kg/ha","59142.9","A","Official figure",""
"QCL","Crops and livestock products","724","Spain","5510","Production","01234","Tomatoes","1998","1998","t","3560400","A","Official figure",""
"QCL","Crops and livestock products","724","Spain","5312","Area harvested","01234","Tomatoes","1999","1999","ha","63382","A","Official figure",""
"QCL","Crops and livestock products","724","Spain","5412","Yield","01234","Tomatoes","1999","1999","kg/ha","61132.8","A","Official figure",""
"QCL","Crops and livestock products","724","Spain","5510","Production","01234","Tomatoes","1999","1999","t","3874720","A","Official figure",""
"QCL","Crops and livestock products","724","Spain","5312","Area harvested","01234","Tomatoes","2000","2000","ha","62285","A","Official figure",""
"QCL","Crops and livestock products","724","Spain","5412","Yield","01234","Tomatoes","2000","2000","kg/ha","60469.3","A","Official figure",""
"QCL","Crops and livestock products","724","Spain","5510","Production","01234","Tomatoes","2000","2000","t","3766328","A","Official figure",""
"QCL","Crops and livestock products","724","Spain","5312","Area harvested","01234","Tomatoes","2001","2001","ha","63030","A","Official figure",""
"QCL","Crops and livestock products","724","Spain","5412","Yield","01234","Tomatoes","2001","2001","kg/ha","63012.7","A","Official figure",""
"QCL","Crops and livestock products","724","Spain","5510","Production","01234","Tomatoes","2001","2001","t","3971691","A","Official figure",""
"QCL","Crops and livestock products","724","Spain","5312","Area harvested","01234","Tomatoes","2002","2002","ha","59266","A","Official figure",""
"QCL","Crops and livestock products","724","Spain","5412","Yield","01234","Tomatoes","2002","2002","kg/ha","67150.1","A","Official figure",""
"QCL","Crops and livestock products","724","Spain","5510","Production","01234","Tomatoes","2002","2002","t","3979718","A","Official figure",""
"QCL","Crops and livestock products","724","Spain","5312","Area harvested","01234","Tomatoes","2003","2003","ha","62973","A","Official figure",""
"QCL","Crops and livestock products","724","Spain","5412","Yield","01234","Tomatoes","2003","2003","kg/ha","62682.8","A","Official figure",""
"QCL","Crops and livestock products","724","Spain","5510","Production","01234","Tomatoes","2003","2003","t","3947327","A","Official figure",""
"QCL","Crops and livestock products","724","Spain","5312","Area harvested","01234","Tomatoes","2004","2004","ha","69902","A","Official figure",""
"QCL","Crops and livestock products","724","Spain","5412","Yield","01234","Tomatoes","2004","2004","kg/ha","62705","A","Official figure",""
"QCL","Crops and livestock products","724","Spain","5510","Production","01234","Tomatoes","2004","2004","t","4383202","A","Official figure",""
"QCL","Crops and livestock products","724","Spain","5312","Area harvested","01234","Tomatoes","2005","2005","ha","72285","A","Official figure",""
"QCL","Crops and livestock products","724","Spain","5412","Yield","01234","Tomatoes","2005","2005","kg/ha","66546.3","A","Official figure",""
"QCL","Crops and livestock products","724","Spain","5510","Production","01234","Tomatoes","2005","2005","t","4810301","A","Official figure",""
"QCL","Crops and livestock products","724","Spain","5312","Area harvested","01234","Tomatoes","2006","2006","ha","56690","A","Official figure",""
"QCL","Crops and livestock products","724","Spain","5412","Yield","01234","Tomatoes","2006","2006","kg/ha","67041","A","Official figure",""
"QCL","Crops and livestock products","724","Spain","5510","Production","01234","Tomatoes","2006","2006","t","3800552","A","Official figure",""
"QCL","Crops and livestock products","724","Spain","5312","Area harvested","01234","Tomatoes","2007","2007","ha","53297","A","Official figure",""
"QCL","Crops and livestock products","724","Spain","5412","Yield","01234","Tomatoes","2007","2007","kg/ha","76579.9","A","Official figure",""
"QCL","Crops and livestock products","724","Spain","5510","Production","01234","Tomatoes","2007","2007","t","4081477","A","Official figure",""
"QCL","Crops and livestock products","724","Spain","5312","Area harvested","01234","Tomatoes","2008","2008","ha","54868","A","Official figure",""
"QCL","Crops and livestock products","724","Spain","5412","Yield","01234","Tomatoes","2008","2008","kg/ha","73809","A","Official figure",""
"QCL","Crops and livestock products","724","Spain","5510","Production","01234","Tomatoes","2008","2008","t","4049753","A","Official figure",""
"QCL","Crops and livestock products","724","Spain","5312","Area harvested","01234","Tomatoes","2009","2009","ha","63838","A","Official figure",""
"QCL","Crops and livestock products","724","Spain","5412","Yield","01234","Tomatoes","2009","2009","kg/ha","75159.8","A","Official figure",""
"QCL","Crops and livestock products","724","Spain","5510","Production","01234","Tomatoes","2009","2009","t","4798053","A","Official figure",""
"QCL","Crops and livestock products","724","Spain","5312","Area harvested","01234","Tomatoes","2010","2010","ha","59267","A","Official figure",""
"QCL","Crops and livestock products","724","Spain","5412","Yield","01234","Tomatoes","2010","2010","kg/ha","72767.5","A","Official figure",""
"QCL","Crops and livestock products","724","Spain","5510","Production","01234","Tomatoes","2010","2010","t","4312709","A","Official figure",""
"QCL","Crops and livestock products","724","Spain","5312","Area harvested","01234","Tomatoes","2011","2011","ha","51204","A","Official figure",""
"QCL","Crops and livestock products","724","Spain","5412","Yield","01234","Tomatoes","2011","2011","kg/ha","75465.2","A","Official figure",""
"QCL","Crops and livestock products","724","Spain","5510","Production","01234","Tomatoes","2011","2011","t","3864120","A","Official figure",""
"QCL","Crops and livestock products","724","Spain","5312","Area harvested","01234","Tomatoes","2012","2012","ha","48600","A","Official figure",""
"QCL","Crops and livestock products","724","Spain","5412","Yield","01234","Tomatoes","2012","2012","kg/ha","83259.3","A","Official figure",""
"QCL","Crops and livestock products","724","Spain","5510","Production","01234","Tomatoes","2012","2012","t","4046400","A","Official figure",""
"QCL","Crops and livestock products","724","Spain","5312","Area harvested","01234","Tomatoes","2013","2013","ha","46620","A","Official figure",""
"QCL","Crops and livestock products","724","Spain","5412","Yield","01234","Tomatoes","2013","2013","kg/ha","81012.4","A","Official figure",""
"QCL","Crops and livestock products","724","Spain","5510","Production","01234","Tomatoes","2013","2013","t","3776800","A","Official figure",""
"QCL","Crops and livestock products","724","Spain","5312","Area harvested","01234","Tomatoes","2014","2014","ha","54750","A","Official figure",""
"QCL","Crops and livestock products","724","Spain","5412","Yield","01234","Tomatoes","2014","2014","kg/ha","89294.6","A","Official figure",""
"QCL","Crops and livestock products","724","Spain","5510","Production","01234","Tomatoes","2014","2014","t","4888880","A","Official figure",""
"QCL","Crops and livestock products","724","Spain","5312","Area harvested","01234","Tomatoes","2015","2015","ha","58134","A","Official figure",""
"QCL","Crops and livestock products","724","Spain","5412","Yield","01234","Tomatoes","2015","2015","kg/ha","83130.4","A","Official figure",""
"QCL","Crops and livestock products","724","Spain","5510","Production","01234","Tomatoes","2015","2015","t","4832700","A","Official figure",""
"QCL","Crops and livestock products","724","Spain","5312","Area harvested","01234","Tomatoes","2016","2016","ha","62715","A","Official figure",""
"QCL","Crops and livestock products","724","Spain","5412","Yield","01234","Tomatoes","2016","2016","kg/ha","83449.6","A","Official figure",""
"QCL","Crops and livestock products","724","Spain","5510","Production","01234","Tomatoes","2016","2016","t","5233542","A","Official figure",""
"QCL","Crops and livestock products","724","Spain","5312","Area harvested","01234","Tomatoes","2017","2017","ha","60852","A","Official figure",""
"QCL","Crops and livestock products","724","Spain","5412","Yield","01234","Tomatoes","2017","2017","kg/ha","84852.9","A","Official figure",""
"QCL","Crops and livestock products","724","Spain","5510","Production","01234","Tomatoes","2017","2017","t","5163466","A","Official figure",""
"QCL","Crops and livestock products","724","Spain","5312","Area harvested","01234","Tomatoes","2018","2018","ha","56130","A","Official figure",""
"QCL","Crops and livestock products","724","Spain","5412","Yield","01234","Tomatoes","2018","2018","kg/ha","84956.4","A","Official figure",""
"QCL","Crops and livestock products","724","Spain","5510","Production","01234","Tomatoes","2018","2018","t","4768600","A","Official figure",""
"QCL","Crops and livestock products","724","Spain","5312","Area harvested","01234","Tomatoes","2019","2019","ha","56940","A","Official figure",""
"QCL","Crops and livestock products","724","Spain","5412","Yield","01234","Tomatoes","2019","2019","kg/ha","87821.6","A","Official figure",""
"QCL","Crops and livestock products","724","Spain","5510","Production","01234","Tomatoes","2019","2019","t","5000560","A","Official figure",""
"QCL","Crops and livestock products","724","Spain","5312","Area harvested","01234","Tomatoes","2020","2020","ha","55470","A","Official figure",""
"QCL","Crops and livestock products","724","Spain","5412","Yield","01234","Tomatoes","2020","2020","kg/ha","77751.9","A","Official figure",""
"QCL","Crops and livestock products","724","Spain","5510","Production","01234","Tomatoes","2020","2020","t","4312900","A","Official figure",""
"QCL","Crops and livestock products","724","Spain","5312","Area harvested","01234","Tomatoes","2021","2021","ha","56110","A","Official figure",""
"QCL","Crops and livestock products","724","Spain","5412","Yield","01234","Tomatoes","2021","2021","kg/ha","84733.2","A","Official figure",""
"QCL","Crops and livestock products","724","Spain","5510","Production","01234","Tomatoes","2021","2021","t","4754380","A","Official figure",""
"QCL","Crops and livestock products","724","Spain","5312","Area harvested","01234","Tomatoes","2022","2022","ha","45150","A","Official figure",""
"QCL","Crops and livestock products","724","Spain","5412","Yield","01234","Tomatoes","2022","2022","kg/ha","80884.6","A","Official figure",""
"QCL","Crops and livestock products","724","Spain","5510","Production","01234","Tomatoes","2022","2022","t","3651940","A","Official figure",""
"QCL","Crops and livestock products","724","Spain","5312","Area harvested","01234","Tomatoes","2023","2023","ha","50090","A","Official figure",""
"QCL","Crops and livestock products","724","Spain","5412","Yield","01234","Tomatoes","2023","2023","kg/ha","79226.6","A","Official figure",""
"QCL","Crops and livestock products","724","Spain","5510","Production","01234","Tomatoes","2023","2023","t","3968460","A","Official figure",""
"QCL","Crops and livestock products","724","Spain","5312","Area harvested","01234","Tomatoes","2024","2024","ha","55480","A","Official figure",""
"QCL","Crops and livestock products","724","Spain","5412","Yield","01234","Tomatoes","2024","2024","kg/ha","82449.2","A","Official figure",""
"QCL","Crops and livestock products","724","Spain","5510","Production","01234","Tomatoes","2024","2024","t","4574280","A","Official figure",""
"QCL","Crops and livestock products","724","Spain","5312","Area harvested","0111","Wheat","1980","1980","ha","2698700","A","Official figure",""
"QCL","Crops and livestock products","724","Spain","5412","Yield","0111","Wheat","1980","1980","kg/ha","2237.9","A","Official figure",""
"QCL","Crops and livestock products","724","Spain","5510","Production","0111","Wheat","1980","1980","t","6039500","A","Official figure",""
"QCL","Crops and livestock products","724","Spain","5312","Area harvested","0111","Wheat","1981","1981","ha","2635400","A","Official figure",""
"QCL","Crops and livestock products","724","Spain","5412","Yield","0111","Wheat","1981","1981","kg/ha","1293.4","A","Official figure",""
"QCL","Crops and livestock products","724","Spain","5510","Production","0111","Wheat","1981","1981","t","3408500","A","Official figure",""
"QCL","Crops and livestock products","724","Spain","5312","Area harvested","0111","Wheat","1982","1982","ha","2662000","A","Official figure",""
"QCL","Crops and livestock products","724","Spain","5412","Yield","0111","Wheat","1982","1982","kg/ha","1656.8","A","Official figure",""
"QCL","Crops and livestock products","724","Spain","5510","Production","0111","Wheat","1982","1982","t","4410300","A","Official figure",""
"QCL","Crops and livestock products","724","Spain","5312","Area harvested","0111","Wheat","1983","1983","ha","2603600","A","Official figure",""
"QCL","Crops and livestock products","724","Spain","5412","Yield","0111","Wheat","1983","1983","kg/ha","1639.2","A","Official figure",""
"QCL","Crops and livestock products","724","Spain","5510","Production","0111","Wheat","1983","1983","t","4267900","A","Official figure",""
"QCL","Crops and livestock products","724","Spain","5312","Area harvested","0111","Wheat","1984","1984","ha","2305700","A","Official figure",""
"QCL","Crops and livestock products","724","Spain","5412","Yield","0111","Wheat","1984","1984","kg/ha","2624.9","A","Official figure",""
"QCL","Crops and livestock products","724","Spain","5510","Production","0111","Wheat","1984","1984","t","6052300","A","Official figure",""
"QCL","Crops and livestock products","724","Spain","5312","Area harvested","0111","Wheat","1985","1985","ha","2043285","A","Official figure",""
"QCL","Crops and livestock products","724","Spain","5412","Yield","0111","Wheat","1985","1985","kg/ha","2607.9","A","Official figure",""
"QCL","Crops and livestock products","724","Spain","5510","Production","0111","Wheat","1985","1985","t","5328688","A","Official figure",""
"QCL","Crops and livestock products","724","Spain","5312","Area harvested","0111","Wheat","1986","1986","ha","2114000","A","Official figure",""
"QCL","Crops and livestock products","724","Spain","5412","Yield","0111","Wheat","1986","1986","kg/ha","2077.6","A","Official figure",""
"QCL","Crops and livestock products","724","Spain","5510","Production","0111","Wheat","1986","1986","t","4392000","A","Official figure",""
"QCL","Crops and livestock products","724","Spain","5312","Area harvested","0111","Wheat","1987","1987","ha","2221000","A","Official figure",""
"QCL","Crops and livestock products","724","Spain","5412","Yield","0111","Wheat","1987","1987","kg/ha","2607.4","A","Official figure",""
"QCL","Crops and livestock products","724","Spain","5510","Production","0111","Wheat","1987","1987","t","5791000","A","Official figure",""
"QCL","Crops and livestock products","724","Spain","5312","Area harvested","0111","Wheat","1988","1988","ha","2338800","A","Official figure",""
"QCL","Crops and livestock products","724","Spain","5412","Yield","0111","Wheat","1988","1988","kg/ha","2785.2","A","Official figure",""
"QCL","Crops and livestock products","724","Spain","5510","Production","0111","Wheat","1988","1988","t","6514100","A","Official figure",""
"QCL","Crops and livestock products","724","Spain","5312","Area harvested","0111","Wheat","1989","1989","ha","2317300","A","Official figure",""
"QCL","Crops and livestock products","724","Spain","5412","Yield","0111","Wheat","1989","1989","kg/ha","2359.7","A","Official figure",""
"QCL","Crops and livestock products","724","Spain","5510","Production","0111","Wheat","1989","1989","t","5468200","A","Official figure",""
"QCL","Crops and livestock products","724","Spain","5312","Area harvested","0111","Wheat","1990","1990","ha","2006600","A","Official figure",""
"QCL","Crops and livestock products","724","Spain","5412","Yield","0111","Wheat","1990","1990","kg/ha","2378.9","A","Official figure",""
"QCL","Crops and livestock products","724","Spain","5510","Production","0111","Wheat","1990","1990","t","4773500","A","Official figure",""
"QCL","Crops and livestock products","724","Spain","5312","Area harvested","0111","Wheat","1991","1991","ha","2223400","A","Official figure",""
"QCL","Crops and livestock products","724","Spain","5412","Yield","0111","Wheat","1991","1991","kg/ha","2459.2","A","Official figure",""
"QCL","Crops and livestock products","724","Spain","5510","Production","0111","Wheat","1991","1991","t","5467700","A","Official figure",""
"QCL","Crops and livestock products","724","Spain","5312","Area harvested","0111","Wheat","1992","1992","ha","2243100","A","Official figure",""
"QCL","Crops and livestock products","724","Spain","5412","Yield","0111","Wheat","1992","1992","kg/ha","1942.6","A","Official figure",""
"QCL","Crops and livestock products","724","Spain","5510","Production","0111","Wheat","1992","1992","t","4357506","A","Official figure",""
"QCL","Crops and livestock products","724","Spain","5312","Area harvested","0111","Wheat","1993","1993","ha","2030479","A","Official figure",""
"QCL","Crops and livestock products","724","Spain","5412","Yield","0111","Wheat","1993","1993","kg/ha","2449.2","A","Official figure",""
"QCL","Crops and livestock products","724","Spain","5510","Production","0111","Wheat","1993","1993","t","4972971","A","Official figure",""
"QCL","Crops and livestock products","724","Spain","5312","Area harvested","0111","Wheat","1994","1994","ha","1969650","A","Official figure",""
"QCL","Crops and livestock products","724","Spain","5412","Yield","0111","Wheat","1994","1994","kg/ha","2184.3","A","Official figure",""
"QCL","Crops and livestock products","724","Spain","5510","Production","0111","Wheat","1994","1994","t","4302340","A","Official figure",""
"QCL","Crops and livestock products","724","Spain","5312","Area harvested","0111","Wheat","1995","1995","ha","2126400","A","Official figure",""
"QCL","Crops and livestock products","724","Spain","5412","Yield","0111","Wheat","1995","1995","kg/ha","1476.1","A","Official figure",""
"QCL","Crops and livestock products","724","Spain","5510","Production","0111","Wheat","1995","1995","t","3138700","A","Official figure",""
"QCL","Crops and livestock products","724","Spain","5312","Area harvested","0111","Wheat","1996","1996","ha","2012400","A","Official figure",""
"QCL","Crops and livestock products","724","Spain","5412","Yield","0111","Wheat","1996","1996","kg/ha","3001.6","A","Official figure",""
"QCL","Crops and livestock products","724","Spain","5510","Production","0111","Wheat","1996","1996","t","6040500","A","Official figure",""
"QCL","Crops and livestock products","724","Spain","5312","Area harvested","0111","Wheat","1997","1997","ha","2078550","A","Official figure",""
"QCL","Crops and livestock products","724","Spain","5412","Yield","0111","Wheat","1997","1997","kg/ha","2249.8","A","Official figure",""
"QCL","Crops and livestock products","724","Spain","5510","Production","0111","Wheat","1997","1997","t","4676290","A","Official figure",""
"QCL","Crops and livestock products","724","Spain","5312","Area harvested","0111","Wheat","1998","1998","ha","1912560","A","Official figure",""
"QCL","Crops and livestock products","724","Spain","5412","Yield","0111","Wheat","1998","1998","kg/ha","2842.4","A","Official figure",""
"QCL","Crops and livestock products","724","Spain","5510","Production","0111","Wheat","1998","1998","t","5436300","A","Official figure",""
"QCL","Crops and livestock products","724","Spain","5312","Area harvested","0111","Wheat","1999","1999","ha","2422400","A","Official figure",""
"QCL","Crops and livestock products","724","Spain","5412","Yield","0111","Wheat","1999","1999","kg/ha","2098.7","A","Official figure",""
"QCL","Crops and livestock products","724","Spain","5510","Production","0111","Wheat","1999","1999","t","5083800","A","Official figure",""
"QCL","Crops and livestock products","724","Spain","5312","Area harvested","0111","Wheat","2000","2000","ha","2353027","A","Official figure",""
"QCL","Crops and livestock products","724","Spain","5412","Yield","0111","Wheat","2000","2000","kg/ha","3099.7","A","Official figure",""
"QCL","Crops and livestock products","724","Spain","5510","Production","0111","Wheat","2000","2000","t","7293623","A","Official figure",""
"QCL","Crops and livestock products","724","Spain","5312","Area harvested","0111","Wheat","2001","2001","ha","2177005","A","Official figure",""
"QCL","Crops and livestock products","724","Spain","5412","Yield","0111","Wheat","2001","2001","kg/ha","2300.3","A","Official figure",""
"QCL","Crops and livestock products","724","Spain","5510","Production","0111","Wheat","2001","2001","t","5007698","A","Official figure",""
"QCL","Crops and livestock products","724","Spain","5312","Area harvested","0111","Wheat","2002","2002","ha","2406643","A","Official figure",""
"QCL","Crops and livestock products","724","Spain","5412","Yield","0111","Wheat","2002","2002","kg/ha","2834.7","A","Official figure",""
"QCL","Crops and livestock products","724","Spain","5510","Production","0111","Wheat","2002","2002","t","6822160","A","Official figure",""
"QCL","Crops and livestock products","724","Spain","5312","Area harvested","0111","Wheat","2003","2003","ha","2151500","A","Official figure",""
"QCL","Crops and livestock products","724","Spain","5412","Yield","0111","Wheat","2003","2003","kg/ha","2923.6","A","Official figure",""
"QCL","Crops and livestock products","724","Spain","5510","Production","0111","Wheat","2003","2003","t","6290100","A","Official figure",""
"QCL","Crops and livestock products","724","Spain","5312","Area harvested","0111","Wheat","2004","2004","ha","2175028","A","Official figure",""
"QCL","Crops and livestock products","724","Spain","5412","Yield","0111","Wheat","2004","2004","kg/ha","3262.8","A","Official figure",""
"QCL","Crops and livestock products","724","Spain","5510","Production","0111","Wheat","2004","2004","t","7096724","A","Official figure",""
"QCL","Crops and livestock products","724","Spain","5312","Area harvested","0111","Wheat","2005","2005","ha","2274109","A","Official figure",""
"QCL","Crops and livestock products","724","Spain","5412","Yield","0111","Wheat","2005","2005","kg/ha","1770.7","A","Official figure",""
"QCL","Crops and livestock products","724","Spain","5510","Production","0111","Wheat","2005","2005","t","4026694","A","Official figure",""
"QCL","Crops and livestock products","724","Spain","5312","Area harvested","0111","Wheat","2006","2006","ha","1920233","A","Official figure",""
"QCL","Crops and livestock products","724","Spain","5412","Yield","0111","Wheat","2006","2006","kg/ha","2875.5","A","Official figure",""
"QCL","Crops and livestock products","724","Spain","5510","Production","0111","Wheat","2006","2006","t","5521582","A","Official figure",""
"QCL","Crops and livestock products","724","Spain","5312","Area harvested","0111","Wheat","2007","2007","ha","1803313","A","Official figure",""
"QCL","Crops and livestock products","724","Spain","5412","Yield","0111","Wheat","2007","2007","kg/ha","3569.2","A","Official figure",""
"QCL","Crops and livestock products","724","Spain","5510","Production","0111","Wheat","2007","2007","t","6436359","A","Official figure",""
"QCL","Crops and livestock products","724","Spain","5312","Area harvested","0111","Wheat","2008","2008","ha","2067000","A","Official figure",""
"QCL","Crops and livestock products","724","Spain","5412","Yield","0111","Wheat","2008","2008","kg/ha","3248.3","A","Official figure",""
"QCL","Crops and livestock products","724","Spain","5510","Production","0111","Wheat","2008","2008","t","6714300","A","Official figure",""
"QCL","Crops and livestock products","724","Spain","5312","Area harvested","0111","Wheat","2009","2009","ha","1772752","A","Official figure",""
"QCL","Crops and livestock products","724","Spain","5412","Yield","0111","Wheat","2009","2009","kg/ha","2710.3","A","Official figure",""
"QCL","Crops and livestock products","724","Spain","5510","Production","0111","Wheat","2009","2009","t","4804772","A","Official figure",""
"QCL","Crops and livestock products","724","Spain","5312","Area harvested","0111","Wheat","2010","2010","ha","1948073","A","Official figure",""
"QCL","Crops and livestock products","724","Spain","5412","Yield","0111","Wheat","2010","2010","kg/ha","3049.8","A","Official figure",""
"QCL","Crops and livestock products","724","Spain","5510","Production","0111","Wheat","2010","2010","t","5941197","A","Official figure",""
"QCL","Crops and livestock products","724","Spain","5312","Area harvested","0111","Wheat","2011","2011","ha","1994653","A","Official figure",""
"QCL","Crops and livestock products","724","Spain","5412","Yield","0111","Wheat","2011","2011","kg/ha","3447.5","A","Official figure",""
"QCL","Crops and livestock products","724","Spain","5510","Production","0111","Wheat","2011","2011","t","6876657","A","Official figure",""
"QCL","Crops and livestock products","724","Spain","5312","Area harvested","0111","Wheat","2012","2012","ha","2188171","A","Official figure",""
"QCL","Crops and livestock products","724","Spain","5412","Yield","0111","Wheat","2012","2012","kg/ha","2371.8","A","Official figure",""
"QCL","Crops and livestock products","724","Spain","5510","Production","0111","Wheat","2012","2012","t","5189828","A","Official figure",""
"QCL","Crops and livestock products","724","Spain","5312","Area harvested","0111","Wheat","2013","2013","ha","2125000","A","Official figure",""
"QCL","Crops and livestock products","724","Spain","5412","Yield","0111","Wheat","2013","2013","kg/ha","3644.7","A","Official figure",""
"QCL","Crops and livestock products","724","Spain","5510","Production","0111","Wheat","2013","2013","t","7744900","A","Official figure",""
"QCL","Crops and livestock products","724","Spain","5312","Area harvested","0111","Wheat","2014","2014","ha","2171200","A","Official figure",""
"QCL","Crops and livestock products","724","Spain","5412","Yield","0111","Wheat","2014","2014","kg/ha","2980.6","A","Official figure",""
"QCL","Crops and livestock products","724","Spain","5510","Production","0111","Wheat","2014","2014","t","6471400","A","Official figure",""
"QCL","Crops and livestock products","724","Spain","5312","Area harvested","0111","Wheat","2015","2015","ha","2176354","A","Official figure",""
"QCL","Crops and livestock products","724","Spain","5412","Yield","0111","Wheat","2015","2015","kg/ha","2923.6","A","Official figure",""
"QCL","Crops and livestock products","724","Spain","5510","Production","0111","Wheat","2015","2015","t","6362694","A","Official figure",""
"QCL","Crops and livestock products","724","Spain","5312","Area harvested","0111","Wheat","2016","2016","ha","2256848","A","Official figure",""
"QCL","Crops and livestock products","724","Spain","5412","Yield","0111","Wheat","2016","2016","kg/ha","3488.6","A","Official figure",""
"QCL","Crops and livestock products","724","Spain","5510","Production","0111","Wheat","2016","2016","t","7873135","A","Official figure",""
"QCL","Crops and livestock products","724","Spain","5312","Area harvested","0111","Wheat","2017","2017","ha","2096058","A","Official figure",""
"QCL","Crops and livestock products","724","Spain","5412","Yield","0111","Wheat","2017","2017","kg/ha","2326.3","A","Official figure",""
"QCL","Crops and livestock products","724","Spain","5510","Production","0111","Wheat","2017","2017","t","4875957","A","Official figure",""
"QCL","Crops and livestock products","724","Spain","5312","Area harvested","0111","Wheat","2018","2018","ha","2063680","A","Official figure",""
"QCL","Crops and livestock products","724","Spain","5412","Yield","0111","Wheat","2018","2018","kg/ha","4032.8","A","Official figure",""
"QCL","Crops and livestock products","724","Spain","5510","Production","0111","Wheat","2018","2018","t","8322510","A","Official figure",""
"QCL","Crops and livestock products","724","Spain","5312","Area harvested","0111","Wheat","2019","2019","ha","1920090","A","Official figure",""
"QCL","Crops and livestock products","724","Spain","5412","Yield","0111","Wheat","2019","2019","kg/ha","3146.3","A","Official figure",""
"QCL","Crops and livestock products","724","Spain","5510","Production","0111","Wheat","2019","2019","t","6041170","A","Official figure",""
"QCL","Crops and livestock products","724","Spain","5312","Area harvested","0111","Wheat","2020","2020","ha","1914660","A","Official figure",""
"QCL","Crops and livestock products","724","Spain","5412","Yield","0111","Wheat","2020","2020","kg/ha","4253.2","A","Official figure",""
"QCL","Crops and livestock products","724","Spain","5510","Production","0111","Wheat","2020","2020","t","8143510","A","Official figure",""
"QCL","Crops and livestock products","724","Spain","5312","Area harvested","0111","Wheat","2021","2021","ha","2128470","A","Official figure",""
"QCL","Crops and livestock products","724","Spain","5412","Yield","0111","Wheat","2021","2021","kg/ha","4023.8","A","Official figure",""
"QCL","Crops and livestock products","724","Spain","5510","Production","0111","Wheat","2021","2021","t","8564630","A","Official figure",""
"QCL","Crops and livestock products","724","Spain","5312","Area harvested","0111","Wheat","2022","2022","ha","2172700","A","Official figure",""
"QCL","Crops and livestock products","724","Spain","5412","Yield","0111","Wheat","2022","2022","kg/ha","2995.7","A","Official figure",""
"QCL","Crops and livestock products","724","Spain","5510","Production","0111","Wheat","2022","2022","t","6508800","A","Official figure",""
"QCL","Crops and livestock products","724","Spain","5312","Area harvested","0111","Wheat","2023","2023","ha","1957760","A","Official figure",""
"QCL","Crops and livestock products","724","Spain","5412","Yield","0111","Wheat","2023","2023","kg/ha","2068.3","A","Official figure",""
"QCL","Crops and livestock products","724","Spain","5510","Production","0111","Wheat","2023","2023","t","4049230","A","Official figure",""
"QCL","Crops and livestock products","724","Spain","5312","Area harvested","0111","Wheat","2024","2024","ha","1956210","A","Official figure",""
"QCL","Crops and livestock products","724","Spain","5412","Yield","0111","Wheat","2024","2024","kg/ha","3654","A","Official figure",""
"QCL","Crops and livestock products","724","Spain","5510","Production","0111","Wheat","2024","2024","t","7147930","A","Official figure",""
